{"0": 17.76798825256975, "1": 21.05726872246696, "2": 67.1071953010279, "3": 79.70631424375918, "4": 82.143906020558, "5": 17.797356828193834, "6": 79.26578560939794, "7": 17.76798825256975, "8": 82.23201174743025, "9": 82.23201174743025}